{"assets/background/ic_background.png":["assets/background/ic_background.png"],"assets/background/san1.jpg":["assets/background/san1.jpg"],"assets/background/san2.jpg":["assets/background/san2.jpg"],"assets/background/san3.jpg":["assets/background/san3.jpg"],"assets/file/pdf.png":["assets/file/pdf.png"],"assets/file/png.png":["assets/file/png.png"],"assets/icons/error.png":["assets/icons/error.png"],"assets/icons/ic_avatar_default.svg":["assets/icons/ic_avatar_default.svg"],"assets/icons/ic_organization.svg":["assets/icons/ic_organization.svg"],"assets/icons/ic_success.png":["assets/icons/ic_success.png"],"assets/menu/ic_add_user.png":["assets/menu/ic_add_user.png"],"assets/menu/ic_customer.png":["assets/menu/ic_customer.png"],"assets/menu/ic_lichcv.png":["assets/menu/ic_lichcv.png"],"assets/menu/ic_manager_user.png":["assets/menu/ic_manager_user.png"],"assets/menu/ic_opportunity.png":["assets/menu/ic_opportunity.png"],"assets/menu/ic_quanlycohoi.png":["assets/menu/ic_quanlycohoi.png"],"assets/menu/ic_quanlycv.png":["assets/menu/ic_quanlycv.png"],"assets/menu/ic_report.png":["assets/menu/ic_report.png"],"assets/menu/ic_taocohoi.png":["assets/menu/ic_taocohoi.png"],"assets/menu/ic_tonghopxedl.png":["assets/menu/ic_tonghopxedl.png"],"assets/menu/ic_tonkho.png":["assets/menu/ic_tonkho.png"],"assets/menu/ic_work.png":["assets/menu/ic_work.png"],"packages/cupertino_icons/assets/CupertinoIcons.ttf":["packages/cupertino_icons/assets/CupertinoIcons.ttf"]}